{
  "__inputs": [
    {
      "name": "DS_PROMETHEUS",
      "label": "prometheus",
      "description": "",
      "type": "datasource",
      "pluginId": "prometheus",
      "pluginName": "Prometheus"
    }
  ],
  "__elements": {},
  "__requires": [
    {
      "type": "panel",
      "id": "bargauge",
      "name": "Bar gauge",
      "version": ""
    },
    {
      "type": "grafana",
      "id": "grafana",
      "name": "Grafana",
      "version": "9.4.3"
    },
    {
      "type": "datasource",
      "id": "prometheus",
      "name": "Prometheus",
      "version": "1.0.0"
    },
    {
      "type": "panel",
      "id": "stat",
      "name": "Stat",
      "version": ""
    },
    {
      "type": "panel",
      "id": "text",
      "name": "Text",
      "version": ""
    }
  ],
  "annotations": {
    "list": [
      {
        "builtIn": 1,
        "datasource": {
          "type": "datasource",
          "uid": "grafana"
        },
        "enable": true,
        "hide": true,
        "iconColor": "rgba(0, 211, 255, 1)",
        "name": "Annotations & Alerts",
        "target": {
          "limit": 100,
          "matchAny": false,
          "tags": [],
          "type": "dashboard"
        },
        "type": "dashboard"
      }
    ]
  },
  "description": "k6 Test Result",
  "editable": true,
  "fiscalYearStartMonth": 0,
  "graphTooltip": 1,
  "id": null,
  "links": [],
  "liveNow": true,
  "panels": [
    {
      "collapsed": false,
      "gridPos": {
        "h": 1,
        "w": 24,
        "x": 0,
        "y": 0
      },
      "id": 118,
      "panels": [],
      "title": "Apdex Overview",
      "type": "row"
    },
    {
      "datasource": {
        "type": "prometheus",
        "uid": "${DS_PROMETHEUS}"
      },
      "gridPos": {
        "h": 4,
        "w": 24,
        "x": 0,
        "y": 1
      },
      "id": 124,
      "options": {
        "code": {
          "language": "plaintext",
          "showLineNumbers": false,
          "showMiniMap": false
        },
        "content": "# Apdex\n\n[Apdex](https://en.wikipedia.org/wiki/Apdex) (_Application Performance Index_) allows us to monitor end-user satisfaction. \nIt is an open industry standard that estimates the end user’s satisfaction level on an application’s response time through a score between 0 and 1.\n\nThe Apdex score is calculated based on your required SLA (_Service-Level Agreement_) where you can define a response time threshold of T seconds, where all responses handled in T or less seconds satisfy the end user.",
        "mode": "markdown"
      },
      "pluginVersion": "9.4.3",
      "type": "text"
    },
    {
      "datasource": {
        "type": "prometheus",
        "uid": "${DS_PROMETHEUS}"
      },
      "description": "",
      "fieldConfig": {
        "defaults": {
          "color": {
            "mode": "thresholds"
          },
          "decimals": 2,
          "mappings": [
            {
              "options": {
                "from": 0.94,
                "result": {
                  "color": "green",
                  "index": 0
                },
                "to": 1
              },
              "type": "range"
            },
            {
              "options": {
                "from": 0.85,
                "result": {
                  "color": "super-light-green",
                  "index": 1
                },
                "to": 0.93
              },
              "type": "range"
            },
            {
              "options": {
                "from": 0.7,
                "result": {
                  "color": "super-light-orange",
                  "index": 2
                },
                "to": 0.85
              },
              "type": "range"
            },
            {
              "options": {
                "from": 0.5,
                "result": {
                  "color": "yellow",
                  "index": 3
                },
                "to": 0.7
              },
              "type": "range"
            },
            {
              "options": {
                "from": 0,
                "result": {
                  "color": "red",
                  "index": 4
                },
                "to": 0.5
              },
              "type": "range"
            }
          ],
          "thresholds": {
            "mode": "absolute",
            "steps": [
              {
                "color": "green",
                "value": null
              },
              {
                "color": "red",
                "value": 80
              }
            ]
          }
        },
        "overrides": []
      },
      "gridPos": {
        "h": 8,
        "w": 12,
        "x": 0,
        "y": 5
      },
      "id": 122,
      "interval": "1",
      "options": {
        "colorMode": "value",
        "graphMode": "none",
        "justifyMode": "auto",
        "orientation": "horizontal",
        "reduceOptions": {
          "calcs": [
            "lastNotNull"
          ],
          "fields": "",
          "values": false
        },
        "textMode": "auto"
      },
      "pluginVersion": "9.4.3",
      "targets": [
        {
          "datasource": {
            "type": "prometheus",
            "uid": "${DS_PROMETHEUS}"
          },
          "editorMode": "code",
          "exemplar": false,
          "expr": "(histogram_fraction($T, $T*4, ($metrics{testid=~\"$testid\", name=~\"$url\",scenario=~\"$scenario\",expected_response=\"true\"}))*histogram_count($metrics{testid=~\"$testid\", name=~\"$url\",scenario=~\"$scenario\",expected_response=\"true\"}) + (histogram_fraction(0, $T, ($metrics{testid=~\"$testid\", name=~\"$url\",scenario=~\"$scenario\",expected_response=\"true\"}))*histogram_count($metrics{testid=~\"$testid\", name=~\"$url\",scenario=~\"$scenario\",expected_response=\"true\"})/2))/\n\n\nhistogram_count($metrics{testid=~\"$testid\", name=~\"$url\",scenario=~\"$scenario\"})",
          "hide": false,
          "instant": true,
          "legendFormat": "{{name}}",
          "range": false,
          "refId": "A"
        }
      ],
      "transformations": [],
      "type": "stat"
    },
    {
      "datasource": {
        "type": "prometheus",
        "uid": "${DS_PROMETHEUS}"
      },
      "description": "",
      "fieldConfig": {
        "defaults": {
          "color": {
            "fixedColor": "orange",
            "mode": "thresholds"
          },
          "mappings": [
            {
              "options": {
                "from": 0.94,
                "result": {
                  "color": "green",
                  "index": 0,
                  "text": "Excellent"
                },
                "to": 1
              },
              "type": "range"
            },
            {
              "options": {
                "from": 0.85,
                "result": {
                  "color": "super-light-green",
                  "index": 1,
                  "text": "Good"
                },
                "to": 0.93
              },
              "type": "range"
            },
            {
              "options": {
                "from": 0.7,
                "result": {
                  "color": "super-light-orange",
                  "index": 2,
                  "text": "Fair"
                },
                "to": 0.85
              },
              "type": "range"
            },
            {
              "options": {
                "from": 0.5,
                "result": {
                  "color": "yellow",
                  "index": 3,
                  "text": "Poor"
                },
                "to": 0.7
              },
              "type": "range"
            },
            {
              "options": {
                "from": 0,
                "result": {
                  "color": "red",
                  "index": 4,
                  "text": "Unacceptable"
                },
                "to": 0.5
              },
              "type": "range"
            }
          ],
          "thresholds": {
            "mode": "absolute",
            "steps": [
              {
                "color": "green",
                "value": null
              },
              {
                "color": "red",
                "value": 80
              }
            ]
          }
        },
        "overrides": []
      },
      "gridPos": {
        "h": 8,
        "w": 12,
        "x": 12,
        "y": 5
      },
      "id": 126,
      "interval": "1",
      "options": {
        "colorMode": "value",
        "graphMode": "none",
        "justifyMode": "auto",
        "orientation": "horizontal",
        "reduceOptions": {
          "calcs": [
            "lastNotNull"
          ],
          "fields": "",
          "values": false
        },
        "textMode": "value_and_name"
      },
      "pluginVersion": "9.4.3",
      "targets": [
        {
          "datasource": {
            "type": "prometheus",
            "uid": "${DS_PROMETHEUS}"
          },
          "editorMode": "code",
          "expr": "(histogram_fraction($T, $T*4, ($metrics{testid=~\"$testid\", name=~\"$url\",scenario=~\"$scenario\",expected_response=\"true\"}))*histogram_count($metrics{testid=~\"$testid\", name=~\"$url\",scenario=~\"$scenario\",expected_response=\"true\"}) + (histogram_fraction(0, $T, ($metrics{testid=~\"$testid\", name=~\"$url\",scenario=~\"$scenario\",expected_response=\"true\"}))*histogram_count($metrics{testid=~\"$testid\", name=~\"$url\",scenario=~\"$scenario\",expected_response=\"true\"})/2))/\n\n\nhistogram_count($metrics{testid=~\"$testid\", name=~\"$url\",scenario=~\"$scenario\"})",
          "hide": false,
          "legendFormat": "{{name}}",
          "range": true,
          "refId": "A"
        }
      ],
      "transformations": [],
      "type": "stat"
    },
    {
      "datasource": {
        "type": "prometheus",
        "uid": "${DS_PROMETHEUS}"
      },
      "description": "**Satisfied:** Response time less than or equal to T seconds.",
      "fieldConfig": {
        "defaults": {
          "color": {
            "mode": "palette-classic"
          },
          "mappings": [],
          "min": 0,
          "thresholds": {
            "mode": "absolute",
            "steps": [
              {
                "color": "green",
                "value": null
              },
              {
                "color": "red",
                "value": 80
              }
            ]
          }
        },
        "overrides": []
      },
      "gridPos": {
        "h": 8,
        "w": 8,
        "x": 0,
        "y": 13
      },
      "id": 120,
      "interval": "1",
      "options": {
        "displayMode": "lcd",
        "minVizHeight": 10,
        "minVizWidth": 0,
        "orientation": "horizontal",
        "reduceOptions": {
          "calcs": [
            "lastNotNull"
          ],
          "fields": "",
          "values": false
        },
        "showUnfilled": true
      },
      "pluginVersion": "9.4.3",
      "targets": [
        {
          "datasource": {
            "type": "prometheus",
            "uid": "${DS_PROMETHEUS}"
          },
          "editorMode": "code",
          "exemplar": false,
          "expr": "histogram_fraction(0, $T, ($metrics{testid=~\"$testid\", name=~\"$url\",scenario=~\"$scenario\",expected_response=\"true\"}))*histogram_count($metrics{testid=~\"$testid\", name=~\"$url\",scenario=~\"$scenario\",expected_response=\"true\"})>0",
          "hide": false,
          "instant": true,
          "legendFormat": "{{name}}",
          "range": false,
          "refId": "A"
        }
      ],
      "title": "Satisfied requests",
      "transformations": [
        {
          "id": "calculateField",
          "options": {}
        }
      ],
      "type": "bargauge"
    },
    {
      "datasource": {
        "type": "prometheus",
        "uid": "${DS_PROMETHEUS}"
      },
      "description": "-   **Tolerating:** Response time between T seconds and 4T seconds.",
      "fieldConfig": {
        "defaults": {
          "color": {
            "mode": "palette-classic"
          },
          "mappings": [],
          "min": 0,
          "thresholds": {
            "mode": "absolute",
            "steps": [
              {
                "color": "green",
                "value": null
              },
              {
                "color": "red",
                "value": 80
              }
            ]
          }
        },
        "overrides": []
      },
      "gridPos": {
        "h": 8,
        "w": 8,
        "x": 8,
        "y": 13
      },
      "id": 125,
      "interval": "1",
      "options": {
        "displayMode": "lcd",
        "minVizHeight": 10,
        "minVizWidth": 0,
        "orientation": "horizontal",
        "reduceOptions": {
          "calcs": [
            "lastNotNull"
          ],
          "fields": "",
          "values": false
        },
        "showUnfilled": true
      },
      "pluginVersion": "9.4.3",
      "targets": [
        {
          "datasource": {
            "type": "prometheus",
            "uid": "${DS_PROMETHEUS}"
          },
          "editorMode": "code",
          "exemplar": false,
          "expr": "histogram_fraction($T, $T*4, ($metrics{testid=~\"$testid\", name=~\"$url\",scenario=~\"$scenario\",expected_response=\"true\"}))*histogram_count($metrics{testid=~\"$testid\", name=~\"$url\",scenario=~\"$scenario\",expected_response=\"true\"})>0",
          "hide": false,
          "instant": true,
          "legendFormat": "{{name}}",
          "range": false,
          "refId": "A"
        }
      ],
      "title": "Tolerating requests",
      "transformations": [
        {
          "id": "calculateField",
          "options": {}
        }
      ],
      "type": "bargauge"
    },
    {
      "datasource": {
        "type": "prometheus",
        "uid": "${DS_PROMETHEUS}"
      },
      "description": "**Frustrating:** Response time greater than 4 T seconds + Failed.",
      "fieldConfig": {
        "defaults": {
          "color": {
            "mode": "palette-classic"
          },
          "mappings": [],
          "min": 0,
          "thresholds": {
            "mode": "absolute",
            "steps": [
              {
                "color": "green",
                "value": null
              },
              {
                "color": "red",
                "value": 80
              }
            ]
          }
        },
        "overrides": []
      },
      "gridPos": {
        "h": 8,
        "w": 8,
        "x": 16,
        "y": 13
      },
      "id": 121,
      "interval": "1",
      "options": {
        "displayMode": "lcd",
        "minVizHeight": 10,
        "minVizWidth": 0,
        "orientation": "horizontal",
        "reduceOptions": {
          "calcs": [
            "lastNotNull"
          ],
          "fields": "",
          "values": false
        },
        "showUnfilled": true
      },
      "pluginVersion": "9.4.3",
      "targets": [
        {
          "datasource": {
            "type": "prometheus",
            "uid": "${DS_PROMETHEUS}"
          },
          "editorMode": "code",
          "exemplar": false,
          "expr": "histogram_fraction($T*4, 9999999, ($metrics{testid=~\"$testid\", name=~\"$url\",scenario=~\"$scenario\",expected_response=\"true\"}))*histogram_count($metrics{testid=~\"$testid\", name=~\"$url\",scenario=~\"$scenario\",expected_response=\"true\"})>0",
          "hide": false,
          "instant": true,
          "legendFormat": "{{name}}",
          "range": false,
          "refId": "A"
        },
        {
          "datasource": {
            "type": "prometheus",
            "uid": "${DS_PROMETHEUS}"
          },
          "editorMode": "code",
          "exemplar": false,
          "expr": "histogram_count($metrics{testid=~\"$testid\", name=~\"$url\",scenario=~\"$scenario\",expected_response=\"false\"})>0",
          "hide": false,
          "instant": true,
          "legendFormat": "{{name}}",
          "range": false,
          "refId": "B"
        }
      ],
      "title": "Frustrating requests",
      "transformations": [
        {
          "id": "calculateField",
          "options": {}
        }
      ],
      "type": "bargauge"
    }
  ],
  "refresh": "5s",
  "revision": 1,
  "schemaVersion": 38,
  "style": "dark",
  "tags": [
    "prometheus",
    "k6"
  ],
  "templating": {
    "list": [
      {
        "current": {
          "selected": false,
          "text": "prometheus",
          "value": "prometheus"
        },
        "hide": 0,
        "includeAll": false,
        "multi": false,
        "name": "DS_PROMETHEUS",
        "options": [],
        "query": "prometheus",
        "queryValue": "",
        "refresh": 1,
        "regex": "",
        "skipUrlSync": false,
        "type": "datasource"
      },
      {
        "allValue": "",
        "current": {},
        "datasource": {
          "type": "prometheus",
          "uid": "${DS_PROMETHEUS}"
        },
        "definition": "label_values(testid)",
        "hide": 0,
        "includeAll": true,
        "multi": false,
        "name": "testid",
        "options": [],
        "query": {
          "query": "label_values(testid)",
          "refId": "StandardVariableQuery"
        },
        "refresh": 2,
        "regex": "",
        "skipUrlSync": false,
        "sort": 3,
        "type": "query"
      },
      {
        "current": {},
        "datasource": {
          "type": "prometheus",
          "uid": "${DS_PROMETHEUS}"
        },
        "definition": "label_values(scenario)",
        "hide": 0,
        "includeAll": true,
        "multi": false,
        "name": "scenario",
        "options": [],
        "query": {
          "query": "label_values(scenario)",
          "refId": "StandardVariableQuery"
        },
        "refresh": 2,
        "regex": "",
        "skipUrlSync": false,
        "sort": 0,
        "type": "query"
      },
      {
        "allValue": "http.*",
        "current": {},
        "datasource": {
          "type": "prometheus",
          "uid": "${DS_PROMETHEUS}"
        },
        "definition": "label_values(url)",
        "hide": 0,
        "includeAll": true,
        "multi": false,
        "name": "url",
        "options": [],
        "query": {
          "query": "label_values(url)",
          "refId": "StandardVariableQuery"
        },
        "refresh": 2,
        "regex": "",
        "skipUrlSync": false,
        "sort": 0,
        "type": "query"
      },
      {
        "datasource": {
          "type": "prometheus",
          "uid": "${DS_PROMETHEUS}"
        },
        "filters": [],
        "hide": 0,
        "name": "Filters",
        "skipUrlSync": false,
        "type": "adhoc"
      },
      {
        "current": {
          "selected": false,
          "text": "0.1",
          "value": "0.1"
        },
        "hide": 0,
        "label": " [T]arget time (seconds) Apdex",
        "name": "T",
        "options": [
          {
            "selected": false,
            "text": "0.3",
            "value": "0.3"
          }
        ],
        "query": "0.1",
        "skipUrlSync": false,
        "type": "textbox"
      },
      {
        "current": {
          "selected": false,
          "text": "k6_http_req_duration_seconds",
          "value": "k6_http_req_duration_seconds"
        },
        "description": "Metrics for apdex",
        "hide": 0,
        "includeAll": false,
        "multi": false,
        "name": "metrics",
        "options": [
          {
            "selected": false,
            "text": "k6_http_req_waiting_seconds",
            "value": "k6_http_req_waiting_seconds"
          },
          {
            "selected": true,
            "text": "k6_http_req_duration_seconds",
            "value": "k6_http_req_duration_seconds"
          }
        ],
        "query": "k6_http_req_waiting_seconds, k6_http_req_duration_seconds",
        "skipUrlSync": false,
        "type": "custom"
      }
    ]
  },
  "time": {
    "from": "now-1h",
    "to": "now"
  },
  "timepicker": {},
  "timezone": "",
  "title": "Apdex Overview",
  "uid": "01npcT44d",
  "version": 2,
  "weekStart": ""
}